{
  "project_info": {
    "project_number": "1056925233180",
    "firebase_url": "https://pharmacyworkenviroment.firebaseio.com",
    "project_id": "pharmacyworkenviroment",
    "storage_bucket": "pharmacyworkenviroment.appspot.com"
  },
  "client": [
    {
      "client_info": {
        "mobilesdk_app_id": "1:1056925233180:android:5e5a135815022d2b",
        "android_client_info": {
          "package_name": "com.example.pharmacy"
        }
      },
      "oauth_client": [
        {
          "client_id": "1056925233180-ft1trsb1gt5qrm0iskd64j8p61e4skgp.apps.googleusercontent.com",
          "client_type": 1,
          "android_info": {
            "package_name": "com.example.pharmacy",
            "certificate_hash": "692ef62352119cdcdbf78f2df6b2d0267c57a0db"
          }
        },
        {
          "client_id": "1056925233180-g3u2v1jl4cnq8j6mi7i5914632vkfvt5.apps.googleusercontent.com",
          "client_type": 3
        }
      ],
      "api_key": [
        {
          "current_key": "AIzaSyAw6afO5Zn2F1z4N8An7sZ0Bb9SlwTQhx0"
        }
      ],
      "services": {
        "appinvite_service": {
          "other_platform_oauth_client": [
            {
              "client_id": "1056925233180-g3u2v1jl4cnq8j6mi7i5914632vkfvt5.apps.googleusercontent.com",
              "client_type": 3
            }
          ]
        }
      }
    }
  ],
  "configuration_version": "1"
}